,User ID,Subscription Type,Monthly Revenue,Join Date,Last Payment Date,Country,Age,Gender,Device,Plan Duration
2,3,Standard,12,28-02-23,27-06-23,United Kingdom,42,Male,Smart TV,1 Month
3,4,Standard,12,2022-10-07 00:00:00,26-06-23,Australia,51,Female,Laptop,1 Month
6,7,Standard,12,2021-09-12 00:00:00,25-06-23,Brazil,46,Male,Tablet,1 Month
7,8,Basic,10,2023-02-04 00:00:00,24-06-23,Mexico,39,Female,Laptop,1 Month
9,10,Premium,15,2023-07-01 00:00:00,22-06-23,Italy,44,Female,Smart TV,1 Month
11,12,Premium,15,23-03-23,28-06-23,Canada,45,Male,Tablet,1 Month
12,13,Standard,12,30-11-21,27-06-23,United Kingdom,48,Female,Laptop,1 Month
14,15,Standard,12,2023-09-05 00:00:00,28-06-23,Germany,38,Female,Smart TV,1 Month
17,18,Standard,12,18-10-21,24-06-23,Mexico,43,Male,Smartphone,1 Month
19,20,Basic,10,27-05-23,22-06-23,Italy,41,Male,Tablet,1 Month
22,23,Standard,12,2021-05-12 00:00:00,27-06-23,United Kingdom,49,Female,Smart TV,1 Month
