﻿User ID,Subscription Type,Monthly Revenue,Join Date,Last Payment Date,Country,Age,Gender,Device,Plan Duration
1,Basic,10,15-01-22,10/6/23,United States,28,Male,Smartphone,1 Month
2,Premium,15,5/9/21,22-06-23,Canada,35,Female,Tablet,1 Month
3,Standard,12,28-02-23,27-06-23,United Kingdom,42,Male,Smart TV,1 Month
4,Standard,12,10/7/22,26-06-23,Australia,51,Female,Laptop,1 Month
5,Basic,10,1/5/23,28-06-23,Germany,33,Male,Smartphone,1 Month
6,Premium,15,18-03-22,27-06-23,France,29,Female,Smart TV,1 Month
7,Standard,12,9/12/21,25-06-23,Brazil,46,Male,Tablet,1 Month
8,Basic,10,2/4/23,24-06-23,Mexico,39,Female,Laptop,1 Month
9,Standard,12,20-10-22,23-06-23,Spain,37,Male,Smartphone,1 Month
10,Premium,15,7/1/23,22-06-23,Italy,44,Female,Smart TV,1 Month
11,Basic,10,16-05-22,22-06-23,United States,31,Female,Smartphone,1 Month
12,Premium,15,23-03-23,28-06-23,Canada,45,Male,Tablet,1 Month
13,Standard,12,30-11-21,27-06-23,United Kingdom,48,Female,Laptop,1 Month
14,Basic,10,1/8/22,26-06-23,Australia,27,Male,Smartphone,1 Month
15,Standard,12,9/5/23,28-06-23,Germany,38,Female,Smart TV,1 Month
16,Premium,15,7/4/22,27-06-23,France,36,Male,Tablet,1 Month
17,Basic,10,24-01-22,25-06-23,Brazil,30,Female,Laptop,1 Month
18,Standard,12,18-10-21,24-06-23,Mexico,43,Male,Smartphone,1 Month
19,Premium,15,15-02-23,23-06-23,Spain,32,Female,Smart TV,1 Month
20,Basic,10,27-05-23,22-06-23,Italy,41,Male,Tablet,1 Month
21,Premium,15,10/6/23,22-06-23,United States,26,Female,Laptop,1 Month
22,Basic,10,22-07-22,28-06-23,Canada,34,Male,Smartphone,1 Month
23,Standard,12,5/12/21,27-06-23,United Kingdom,49,Female,Smart TV,1 Month
24,Standard,12,3/4/22,26-06-23,Australia,31,Male,Tablet,1 Month